1;1;2021-04-16 15:31:43;3;Soulier Jordan 2002;Soulier Jordan 2003;19.99;img1.png;2021-04-16 15:31:43;1
2;2;2021-04-16 15:31:43;2;PS4 avec une seule manette comme sur la photo;PS4 avec une seule manette comme sur la photo;119.99;img2.png;2021-04-16 15:31:43;1
3;3;2021-04-16 15:31:43;4;Beats top utilise;Beats top utilise;0.00;img3.png;2021-04-16 15:31:43;1
4;1;2021-04-16 15:31:43;3;Lorem ipsum dolor sit amet, consectetur porttito;Lorem ipsum dolor sit amet, consectetur adipiscing elit. Quisque pulvinar erat a dui faucibus pellentesque. Vestibulum rhoncus pharetra ipsum in dictum. Vestibulum quis lacus sem. Aenean pretium risus at justo vestibulum, id pretium lorem massa nunc;651.11;img4.png;2021-04-16 15:31:43;1
5;2;2021-04-16 15:31:43;2;Lorem ipsum dolor sit amet, consectetur porttito;Lorem ipsum dolor sit amet, consectetur adipiscing elit. Quisque pulvinar erat a dui faucibus pellentesque. Vestibulum rhoncus pharetra ipsum in dictum. Vestibulum quis lacus sem. Aenean pretium risus at justo vestibulum, id pretium lorem massa nunc;5.00;img5.png;2021-04-16 15:31:43;1
6;3;2021-04-16 15:31:43;4;Lorem ipsum dolor sit amet, consectetur porttito;Lorem ipsum dolor sit amet, consectetur adipiscing elit. Quisque pulvinar erat a dui faucibus pellentesque. Vestibulum rhoncus pharetra ipsum in dictum. Vestibulum quis lacus sem. Aenean pretium risus at justo vestibulum, id pretium lorem massa nunc;19.99;img6.png;2021-04-16 15:31:43;1
7;1;2021-04-16 15:31:43;3;Lorem ipsum dolor sit amet, consectetur porttito;Lorem ipsum dolor sit amet, consectetur adipiscing elit. Quisque pulvinar erat a dui faucibus pellentesque. Vestibulum rhoncus pharetra ipsum in dictum. Vestibulum quis lacus sem. Aenean pretium risus at justo vestibulum, id pretium lorem massa nunc;119.99;img7.png;2021-04-16 15:31:43;1
8;2;2021-04-16 15:31:43;2;Lorem ipsum dolor sit amet, consectetur porttito;Lorem ipsum dolor sit amet, consectetur adipiscing elit. Quisque pulvinar erat a dui faucibus pellentesque. Vestibulum rhoncus pharetra ipsum in dictum. Vestibulum quis lacus sem. Aenean pretium risus at justo vestibulum, id pretium lorem massa nunc;0.00;img1.png;2021-04-16 15:31:43;1
9;3;2021-04-16 15:31:43;4;Lorem ipsum dolor sit amet, consectetur porttito;Lorem ipsum dolor sit amet, consectetur adipiscing elit. Quisque pulvinar erat a dui faucibus pellentesque. Vestibulum rhoncus pharetra ipsum in dictum. Vestibulum quis lacus sem. Aenean pretium risus at justo vestibulum, id pretium lorem massa nunc;651.11;img2.png;2021-04-16 15:31:43;1
10;1;2021-04-16 15:31:43;3;Lorem ipsum dolor sit amet, consectetur porttito;Lorem ipsum dolor sit amet, consectetur adipiscing elit. Quisque pulvinar erat a dui faucibus pellentesque. Vestibulum rhoncus pharetra ipsum in dictum. Vestibulum quis lacus sem. Aenean pretium risus at justo vestibulum, id pretium lorem massa nunc;5.00;img3.png;2021-04-16 15:31:43;1
11;2;2021-04-16 15:31:43;2;Lorem ipsum dolor sit amet, consectetur porttito;Lorem ipsum dolor sit amet, consectetur adipiscing elit. Quisque pulvinar erat a dui faucibus pellentesque. Vestibulum rhoncus pharetra ipsum in dictum. Vestibulum quis lacus sem. Aenean pretium risus at justo vestibulum, id pretium lorem massa nunc;19.99;img4.png;2021-04-16 15:31:43;1
12;3;2021-04-16 15:31:43;4;Lorem ipsum dolor sit amet, consectetur porttito;Lorem ipsum dolor sit amet, consectetur adipiscing elit. Quisque pulvinar erat a dui faucibus pellentesque. Vestibulum rhoncus pharetra ipsum in dictum. Vestibulum quis lacus sem. Aenean pretium risus at justo vestibulum, id pretium lorem massa nunc;119.99;img5.png;2021-04-16 15:31:43;1
13;1;2021-04-16 15:31:43;4;Lorem ipsum dolor sit amet, consectetur porttito;Lorem ipsum dolor sit amet, consectetur adipiscing elit. Quisque pulvinar erat a dui faucibus pellentesque. Vestibulum rhoncus pharetra ipsum in dictum. Vestibulum quis lacus sem. Aenean pretium risus at justo vestibulum, id pretium lorem massa nunc;119.99;img5.png;2021-04-16 15:31:43;0