1,1,2019-02-19 3:23,1,nulla dapibus dolor,proin eu mi nulla ac enim in tempor turpis nec euismod scelerisque quam turpis adipiscing lorem vitae mattis nibh ligula,2366.24,/photos-annonce/img1.png,2020-09-28 22:28,2,,1;1;2019-02-19 03:23;1;nulla dapibus dolor;proin eu mi nulla ac enim in tempor turpis nec euismod scelerisque quam turpis adipiscing lorem vitae mattis nibh ligula;2366.24;/photos-annonce/img1.png;2020-09-28 22:28;2
2,1,2020-08-28 16:26,2,in quam fringilla rhoncus mauris,ipsum primis in faucibus orci luctus et ultrices posuere cubilia curae mauris viverra diam vitae quam suspendisse potenti nullam porttitor lacus at turpis donec,1465,/photos-annonce/img2.png,2020-08-28 6:45,1,,2;1;2020-08-28 16:26;2;in quam fringilla rhoncus mauris;ipsum primis in faucibus orci luctus et ultrices posuere cubilia curae mauris viverra diam vitae quam suspendisse potenti nullam porttitor lacus at turpis donec;1465;/photos-annonce/img2.png;2020-08-28 06:45;1
3,3,2020-02-24 9:59,2,vitae consectetuer eget rutrum at,suscipit a feugiat et eros vestibulum ac est lacinia nisi venenatis tristique fusce congue diam id ornare imperdiet sapien urna,2730.71,/photos-annonce/img3.png,2020-12-12 21:03,3,,3;3;2020-02-24 09:59;2;vitae consectetuer eget rutrum at;suscipit a feugiat et eros vestibulum ac est lacinia nisi venenatis tristique fusce congue diam id ornare imperdiet sapien urna;2730.71;/photos-annonce/img3.png;2020-12-12 21:03;3
4,3,2020-04-21 13:52,4,lacus at velit,curae donec pharetra magna vestibulum aliquet ultrices erat tortor sollicitudin mi sit amet lobortis sapien sapien non mi integer ac neque duis bibendum morbi non quam nec dui luctus rutrum,3713.69,/photos-annonce/img4.png,2020-07-19 11:42,3,,4;3;2020-04-21 13:52;4;lacus at velit;curae donec pharetra magna vestibulum aliquet ultrices erat tortor sollicitudin mi sit amet lobortis sapien sapien non mi integer ac neque duis bibendum morbi non quam nec dui luctus rutrum;3713.69;/photos-annonce/img4.png;2020-07-19 11:42;3
5,3,2019-08-12 8:13,1,nulla quisque arcu libero,ut volutpat sapien arcu sed augue aliquam erat volutpat in congue etiam justo etiam pretium iaculis justo in hac habitasse platea,3332.94,/photos-annonce/img7.png,2020-08-12 1:29,3,,5;3;2019-08-12 08:13;1;nulla quisque arcu libero;ut volutpat sapien arcu sed augue aliquam erat volutpat in congue etiam justo etiam pretium iaculis justo in hac habitasse platea;3332.94;/photos-annonce/img7.png;2020-08-12 01:29;3
6,3,2019-10-03 5:39,5,in tempor turpis nec,id massa id nisl venenatis lacinia aenean sit amet justo morbi ut odio cras mi pede malesuada in imperdiet et commodo vulputate justo in blandit ultrices enim,3434.85,/photos-annonce/img1.png,2020-11-15 6:00,1,,6;3;2019-10-03 05:39;5;in tempor turpis nec;id massa id nisl venenatis lacinia aenean sit amet justo morbi ut odio cras mi pede malesuada in imperdiet et commodo vulputate justo in blandit ultrices enim;3434.85;/photos-annonce/img1.png;2020-11-15 06:00;1
7,2,2020-08-16 10:03,6,tempor convallis nulla,odio porttitor id consequat in consequat ut nulla sed accumsan felis ut at dolor quis odio consequat varius integer ac leo pellentesque ultrices mattis odio donec vitae nisi nam,4449.24,/photos-annonce/img2.png,2020-11-17 8:23,3,,7;2;2020-08-16 10:03;6;tempor convallis nulla;odio porttitor id consequat in consequat ut nulla sed accumsan felis ut at dolor quis odio consequat varius integer ac leo pellentesque ultrices mattis odio donec vitae nisi nam;4449.24;/photos-annonce/img2.png;2020-11-17 08:23;3
8,2,2020-03-01 1:42,5,aliquet maecenas leo,vulputate ut ultrices vel augue vestibulum ante ipsum primis in faucibus orci luctus et ultrices posuere cubilia curae donec pharetra magna vestibulum aliquet ultrices erat tortor sollicitudin,1925.24,/photos-annonce/img3.png,2020-11-30 5:19,3,,8;2;2020-03-01 01:42;5;aliquet maecenas leo;vulputate ut ultrices vel augue vestibulum ante ipsum primis in faucibus orci luctus et ultrices posuere cubilia curae donec pharetra magna vestibulum aliquet ultrices erat tortor sollicitudin;1925.24;/photos-annonce/img3.png;2020-11-30 05:19;3
9,2,2020-02-04 14:47,3,rutrum neque aenean auctor,ultrices vel augue vestibulum ante ipsum primis in faucibus orci luctus et ultrices posuere cubilia curae donec pharetra magna vestibulum aliquet ultrices erat tortor sollicitudin mi sit amet lobortis,1690.05,/photos-annonce/img4.png,2020-08-09 2:32,2,,9;2;2020-02-04 14:47;3;rutrum neque aenean auctor;ultrices vel augue vestibulum ante ipsum primis in faucibus orci luctus et ultrices posuere cubilia curae donec pharetra magna vestibulum aliquet ultrices erat tortor sollicitudin mi sit amet lobortis;1690.05;/photos-annonce/img4.png;2020-08-09 02:32;2
10,2,2020-10-12 11:32,2,neque duis bibendum morbi non,ullamcorper augue a suscipit nulla elit ac nulla sed vel enim sit amet nunc viverra dapibus nulla suscipit ligula in lacus curabitur,2675.35,/photos-annonce/img1.png,2020-05-31 13:19,1,,10;2;2020-10-12 11:32;2;neque duis bibendum morbi non;ullamcorper augue a suscipit nulla elit ac nulla sed vel enim sit amet nunc viverra dapibus nulla suscipit ligula in lacus curabitur;2675.35;/photos-annonce/img1.png;2020-05-31 13:19;1
11,2,2020-04-30 17:56,4,nulla sed vel enim,massa id nisl venenatis lacinia aenean sit amet justo morbi ut odio cras mi pede malesuada in imperdiet et commodo vulputate justo in blandit ultrices,3826.83,/photos-annonce/img2.png,2021-01-20 5:42,3,,11;2;2020-04-30 17:56;4;nulla sed vel enim;massa id nisl venenatis lacinia aenean sit amet justo morbi ut odio cras mi pede malesuada in imperdiet et commodo vulputate justo in blandit ultrices;3826.83;/photos-annonce/img2.png;2021-01-20 05:42;3
12,2,2019-08-24 18:22,5,cras pellentesque volutpat,ac enim in tempor turpis nec euismod scelerisque quam turpis adipiscing lorem vitae mattis nibh ligula nec sem duis aliquam convallis nunc proin at,3332.17,/photos-annonce/img1.png,2020-09-07 5:06,2,,12;2;2019-08-24 18:22;5;cras pellentesque volutpat;ac enim in tempor turpis nec euismod scelerisque quam turpis adipiscing lorem vitae mattis nibh ligula nec sem duis aliquam convallis nunc proin at;3332.17;/photos-annonce/img1.png;2020-09-07 05:06;2
13,2,2020-05-05 1:22,3,posuere felis sed,libero ut massa volutpat convallis morbi odio odio elementum eu interdum eu tincidunt in leo maecenas pulvinar lobortis est phasellus sit amet erat nulla,4677.13,/photos-annonce/img2.png,2020-06-21 12:06,3,,13;2;2020-05-05 01:22;3;posuere felis sed;libero ut massa volutpat convallis morbi odio odio elementum eu interdum eu tincidunt in leo maecenas pulvinar lobortis est phasellus sit amet erat nulla;4677.13;/photos-annonce/img2.png;2020-06-21 12:06;3
14,2,2021-03-31 12:23,2,eleifend donec ut dolor morbi,ligula nec sem duis aliquam convallis nunc proin at turpis a pede posuere nonummy integer non velit donec diam neque vestibulum eget vulputate,4573.81,/photos-annonce/img3.png,2020-10-03 14:01,1,,14;2;2021-03-31 12:23;2;eleifend donec ut dolor morbi;ligula nec sem duis aliquam convallis nunc proin at turpis a pede posuere nonummy integer non velit donec diam neque vestibulum eget vulputate;4573.81;/photos-annonce/img3.png;2020-10-03 14:01;1
15,2,2019-12-04 10:15,3,et ultrices posuere cubilia,cursus vestibulum proin eu mi nulla ac enim in tempor turpis nec euismod scelerisque quam turpis adipiscing lorem vitae mattis nibh ligula nec sem duis,1183.3,/photos-annonce/img4.png,2021-04-28 15:20,3,,15;2;2019-12-04 10:15;3;et ultrices posuere cubilia;cursus vestibulum proin eu mi nulla ac enim in tempor turpis nec euismod scelerisque quam turpis adipiscing lorem vitae mattis nibh ligula nec sem duis;1183.3;/photos-annonce/img4.png;2021-04-28 15:20;3
16,2,2019-02-21 7:57,3,leo odio porttitor,ipsum dolor sit amet consectetuer adipiscing elit proin interdum mauris non ligula pellentesque ultrices phasellus id sapien in sapien iaculis,571,/photos-annonce/img5.png,2020-10-15 5:19,2,,16;2;2019-02-21 07:57;3;leo odio porttitor;ipsum dolor sit amet consectetuer adipiscing elit proin interdum mauris non ligula pellentesque ultrices phasellus id sapien in sapien iaculis;571;/photos-annonce/img5.png;2020-10-15 05:19;2
17,1,2020-11-24 13:09,6,quam a odio in hac,magna vestibulum aliquet ultrices erat tortor sollicitudin mi sit amet lobortis sapien sapien non mi integer ac neque duis bibendum morbi non quam nec dui luctus rutrum nulla tellus in,360.29,/photos-annonce/img6.png,2021-04-11 10:57,3,,17;1;2020-11-24 13:09;6;quam a odio in hac;magna vestibulum aliquet ultrices erat tortor sollicitudin mi sit amet lobortis sapien sapien non mi integer ac neque duis bibendum morbi non quam nec dui luctus rutrum nulla tellus in;360.29;/photos-annonce/img6.png;2021-04-11 10:57;3
18,3,2021-02-26 8:46,6,in magna bibendum,praesent lectus vestibulum quam sapien varius ut blandit non interdum in ante vestibulum ante ipsum primis in faucibus orci luctus,1029.2,/photos-annonce/img7.png,2020-06-20 13:45,1,,18;3;2021-02-26 08:46;6;in magna bibendum;praesent lectus vestibulum quam sapien varius ut blandit non interdum in ante vestibulum ante ipsum primis in faucibus orci luctus;1029.2;/photos-annonce/img7.png;2020-06-20 13:45;1
19,1,2019-10-14 5:18,5,ac est lacinia nisi,phasellus in felis donec semper sapien a libero nam dui proin leo odio porttitor id consequat in consequat ut nulla sed accumsan felis ut at,4568.9,/photos-annonce/img1.png,2020-12-16 2:23,1,,19;1;2019-10-14 05:18;5;ac est lacinia nisi;phasellus in felis donec semper sapien a libero nam dui proin leo odio porttitor id consequat in consequat ut nulla sed accumsan felis ut at;4568.9;/photos-annonce/img1.png;2020-12-16 02:23;1
20,1,2021-04-10 10:29,1,varius nulla facilisi cras non,nulla mollis molestie lorem quisque ut erat curabitur gravida nisi at nibh in hac habitasse platea dictumst aliquam augue quam sollicitudin vitae consectetuer eget rutrum at lorem integer tincidunt,397.97,/photos-annonce/img2.png,2020-12-20 10:22,3,,20;1;2021-04-10 10:29;1;varius nulla facilisi cras non;nulla mollis molestie lorem quisque ut erat curabitur gravida nisi at nibh in hac habitasse platea dictumst aliquam augue quam sollicitudin vitae consectetuer eget rutrum at lorem integer tincidunt;397.97;/photos-annonce/img2.png;2020-12-20 10:22;3
21,2,2020-10-11 5:23,6,odio elementum eu interdum eu,eget orci vehicula condimentum curabitur in libero ut massa volutpat convallis morbi odio odio elementum eu interdum eu tincidunt in leo maecenas,3838.68,/photos-annonce/img3.png,2021-04-11 15:12,2,,21;2;2020-10-11 05:23;6;odio elementum eu interdum eu;eget orci vehicula condimentum curabitur in libero ut massa volutpat convallis morbi odio odio elementum eu interdum eu tincidunt in leo maecenas;3838.68;/photos-annonce/img3.png;2021-04-11 15:12;2
22,3,2019-06-19 5:05,3,eros elementum pellentesque quisque porta,amet nunc viverra dapibus nulla suscipit ligula in lacus curabitur at ipsum ac tellus semper interdum mauris ullamcorper purus sit amet,783.1,/photos-annonce/img4.png,2020-09-10 4:44,2,,22;3;2019-06-19 05:05;3;eros elementum pellentesque quisque porta;amet nunc viverra dapibus nulla suscipit ligula in lacus curabitur at ipsum ac tellus semper interdum mauris ullamcorper purus sit amet;783.1;/photos-annonce/img4.png;2020-09-10 04:44;2
23,1,2020-01-16 21:58,6,vitae nisi nam ultrices libero,dui vel nisl duis ac nibh fusce lacus purus aliquet at feugiat non pretium quis lectus suspendisse potenti in eleifend quam a odio in hac habitasse platea,2968.65,/photos-annonce/img7.png,2020-09-01 15:59,1,,23;1;2020-01-16 21:58;6;vitae nisi nam ultrices libero;dui vel nisl duis ac nibh fusce lacus purus aliquet at feugiat non pretium quis lectus suspendisse potenti in eleifend quam a odio in hac habitasse platea;2968.65;/photos-annonce/img7.png;2020-09-01 15:59;1
24,3,2019-11-05 10:32,1,sapien sapien non,suspendisse potenti cras in purus eu magna vulputate luctus cum sociis natoque penatibus et magnis dis parturient montes nascetur ridiculus mus vivamus vestibulum sagittis sapien cum sociis natoque,2022.63,/photos-annonce/img1.png,2020-01-03 23:57,1,,24;3;2019-11-05 10:32;1;sapien sapien non;suspendisse potenti cras in purus eu magna vulputate luctus cum sociis natoque penatibus et magnis dis parturient montes nascetur ridiculus mus vivamus vestibulum sagittis sapien cum sociis natoque;2022.63;/photos-annonce/img1.png;2020-01-03 23:57;1
25,1,2020-10-23 2:02,6,at turpis a pede posuere,faucibus orci luctus et ultrices posuere cubilia curae nulla dapibus dolor vel est donec odio justo sollicitudin ut suscipit a feugiat,317.62,/photos-annonce/img2.png,2021-04-15 11:16,1,,25;1;2020-10-23 02:02;6;at turpis a pede posuere;faucibus orci luctus et ultrices posuere cubilia curae nulla dapibus dolor vel est donec odio justo sollicitudin ut suscipit a feugiat;317.62;/photos-annonce/img2.png;2021-04-15 11:16;1
26,2,2020-06-04 6:31,1,erat vestibulum sed,mauris viverra diam vitae quam suspendisse potenti nullam porttitor lacus at turpis donec posuere metus vitae ipsum aliquam non mauris morbi non lectus aliquam sit amet diam in magna bibendum,2814.88,/photos-annonce/img3.png,2020-07-13 15:53,2,,26;2;2020-06-04 06:31;1;erat vestibulum sed;mauris viverra diam vitae quam suspendisse potenti nullam porttitor lacus at turpis donec posuere metus vitae ipsum aliquam non mauris morbi non lectus aliquam sit amet diam in magna bibendum;2814.88;/photos-annonce/img3.png;2020-07-13 15:53;2
27,3,2020-06-08 6:12,2,cursus vestibulum proin,quam sollicitudin vitae consectetuer eget rutrum at lorem integer tincidunt ante vel ipsum praesent blandit lacinia erat vestibulum sed magna at nunc commodo,2047.79,/photos-annonce/img4.png,2020-10-24 14:29,2,,27;3;2020-06-08 06:12;2;cursus vestibulum proin;quam sollicitudin vitae consectetuer eget rutrum at lorem integer tincidunt ante vel ipsum praesent blandit lacinia erat vestibulum sed magna at nunc commodo;2047.79;/photos-annonce/img4.png;2020-10-24 14:29;2
28,3,2019-02-01 18:21,4,rutrum nulla tellus,aenean lectus pellentesque eget nunc donec quis orci eget orci vehicula condimentum curabitur in libero ut massa volutpat convallis morbi odio odio elementum,2646.97,/photos-annonce/img1.png,2021-03-23 14:22,1,,28;3;2019-02-01 18:21;4;rutrum nulla tellus;aenean lectus pellentesque eget nunc donec quis orci eget orci vehicula condimentum curabitur in libero ut massa volutpat convallis morbi odio odio elementum;2646.97;/photos-annonce/img1.png;2021-03-23 14:22;1
29,2,2021-01-03 22:21,4,fermentum donec ut mauris,hac habitasse platea dictumst etiam faucibus cursus urna ut tellus nulla ut erat id mauris vulputate elementum nullam varius nulla facilisi cras non velit nec,1730.94,/photos-annonce/img2.png,2020-08-06 12:25,3,,29;2;2021-01-03 22:21;4;fermentum donec ut mauris;hac habitasse platea dictumst etiam faucibus cursus urna ut tellus nulla ut erat id mauris vulputate elementum nullam varius nulla facilisi cras non velit nec;1730.94;/photos-annonce/img2.png;2020-08-06 12:25;3
30,1,2020-04-20 8:18,1,nec molestie sed justo pellentesque,ut rhoncus aliquet pulvinar sed nisl nunc rhoncus dui vel sem sed sagittis nam congue risus semper porta volutpat quam pede lobortis ligula sit amet eleifend pede libero quis,1991.66,/photos-annonce/img1.png,2020-10-14 13:39,2,,30;1;2020-04-20 08:18;1;nec molestie sed justo pellentesque;ut rhoncus aliquet pulvinar sed nisl nunc rhoncus dui vel sem sed sagittis nam congue risus semper porta volutpat quam pede lobortis ligula sit amet eleifend pede libero quis;1991.66;/photos-annonce/img1.png;2020-10-14 13:39;2
31,2,2021-01-06 10:00,6,purus aliquet at,sed justo pellentesque viverra pede ac diam cras pellentesque volutpat dui maecenas tristique est et tempus semper est quam pharetra,2248.45,/photos-annonce/img2.png,2021-01-25 21:06,1,,31;2;2021-01-06 10:00;6;purus aliquet at;sed justo pellentesque viverra pede ac diam cras pellentesque volutpat dui maecenas tristique est et tempus semper est quam pharetra;2248.45;/photos-annonce/img2.png;2021-01-25 21:06;1
32,2,2020-03-09 3:28,6,turpis donec posuere metus vitae,pede lobortis ligula sit amet eleifend pede libero quis orci nullam molestie nibh in lectus pellentesque at nulla suspendisse potenti cras,3775.14,/photos-annonce/img3.png,2020-02-27 18:50,2,,32;2;2020-03-09 03:28;6;turpis donec posuere metus vitae;pede lobortis ligula sit amet eleifend pede libero quis orci nullam molestie nibh in lectus pellentesque at nulla suspendisse potenti cras;3775.14;/photos-annonce/img3.png;2020-02-27 18:50;2
33,3,2019-04-27 7:28,6,aliquam sit amet diam in,adipiscing lorem vitae mattis nibh ligula nec sem duis aliquam convallis nunc proin at turpis a pede posuere nonummy integer non velit donec diam neque,3024.62,/photos-annonce/img4.png,2020-12-21 20:49,3,,33;3;2019-04-27 07:28;6;aliquam sit amet diam in;adipiscing lorem vitae mattis nibh ligula nec sem duis aliquam convallis nunc proin at turpis a pede posuere nonummy integer non velit donec diam neque;3024.62;/photos-annonce/img4.png;2020-12-21 20:49;3
34,1,2020-12-11 15:17,3,tristique tortor eu,posuere cubilia curae donec pharetra magna vestibulum aliquet ultrices erat tortor sollicitudin mi sit amet lobortis sapien sapien non mi integer ac neque duis bibendum,1746.99,/photos-annonce/img5.png,2020-09-03 11:23,2,,34;1;2020-12-11 15:17;3;tristique tortor eu;posuere cubilia curae donec pharetra magna vestibulum aliquet ultrices erat tortor sollicitudin mi sit amet lobortis sapien sapien non mi integer ac neque duis bibendum;1746.99;/photos-annonce/img5.png;2020-09-03 11:23;2
35,2,2020-05-02 3:31,5,hac habitasse platea dictumst,accumsan tellus nisi eu orci mauris lacinia sapien quis libero nullam sit amet turpis elementum ligula vehicula consequat morbi a ipsum integer a nibh,4616.73,/photos-annonce/img6.png,2021-01-15 13:15,3,,35;2;2020-05-02 03:31;5;hac habitasse platea dictumst;accumsan tellus nisi eu orci mauris lacinia sapien quis libero nullam sit amet turpis elementum ligula vehicula consequat morbi a ipsum integer a nibh;4616.73;/photos-annonce/img6.png;2021-01-15 13:15;3
36,1,2020-05-19 16:23,1,ornare consequat lectus in est,nec molestie sed justo pellentesque viverra pede ac diam cras pellentesque volutpat dui maecenas tristique est et tempus semper est quam pharetra magna ac consequat metus sapien ut nunc,2247.7,/photos-annonce/img7.png,2021-01-16 12:01,3,,36;1;2020-05-19 16:23;1;ornare consequat lectus in est;nec molestie sed justo pellentesque viverra pede ac diam cras pellentesque volutpat dui maecenas tristique est et tempus semper est quam pharetra magna ac consequat metus sapien ut nunc;2247.7;/photos-annonce/img7.png;2021-01-16 12:01;3
37,2,2020-07-30 10:10,6,eget nunc donec,risus dapibus augue vel accumsan tellus nisi eu orci mauris lacinia sapien quis libero nullam sit amet turpis elementum ligula vehicula consequat morbi,1864.41,/photos-annonce/img1.png,2020-04-01 7:41,1,,37;2;2020-07-30 10:10;6;eget nunc donec;risus dapibus augue vel accumsan tellus nisi eu orci mauris lacinia sapien quis libero nullam sit amet turpis elementum ligula vehicula consequat morbi;1864.41;/photos-annonce/img1.png;2020-04-01 07:41;1
38,1,2019-07-28 16:34,1,proin leo odio porttitor,leo odio porttitor id consequat in consequat ut nulla sed accumsan felis ut at dolor quis odio consequat varius integer ac leo pellentesque ultrices mattis odio donec vitae nisi nam,3697.58,/photos-annonce/img2.png,2020-06-28 5:42,1,,38;1;2019-07-28 16:34;1;proin leo odio porttitor;leo odio porttitor id consequat in consequat ut nulla sed accumsan felis ut at dolor quis odio consequat varius integer ac leo pellentesque ultrices mattis odio donec vitae nisi nam;3697.58;/photos-annonce/img2.png;2020-06-28 05:42;1
39,2,2020-07-04 22:08,5,curae donec pharetra magna vestibulum,elementum in hac habitasse platea dictumst morbi vestibulum velit id pretium iaculis diam erat fermentum justo nec condimentum neque sapien placerat ante nulla justo aliquam quis turpis eget elit sodales,4045.49,/photos-annonce/img3.png,2020-04-24 23:33,2,,39;2;2020-07-04 22:08;5;curae donec pharetra magna vestibulum;elementum in hac habitasse platea dictumst morbi vestibulum velit id pretium iaculis diam erat fermentum justo nec condimentum neque sapien placerat ante nulla justo aliquam quis turpis eget elit sodales;4045.49;/photos-annonce/img3.png;2020-04-24 23:33;2
40,2,2020-01-01 2:08,1,in magna bibendum,molestie hendrerit at vulputate vitae nisl aenean lectus pellentesque eget nunc donec quis orci eget orci vehicula condimentum curabitur in libero ut massa volutpat convallis morbi odio odio elementum eu,4447.45,/photos-annonce/img4.png,2020-10-15 19:49,1,,40;2;2020-01-01 02:08;1;in magna bibendum;molestie hendrerit at vulputate vitae nisl aenean lectus pellentesque eget nunc donec quis orci eget orci vehicula condimentum curabitur in libero ut massa volutpat convallis morbi odio odio elementum eu;4447.45;/photos-annonce/img4.png;2020-10-15 19:49;1
41,2,2019-05-06 4:46,3,nam tristique tortor,volutpat eleifend donec ut dolor morbi vel lectus in quam fringilla rhoncus mauris enim leo rhoncus sed vestibulum sit amet cursus,4439.04,/photos-annonce/img7.png,2020-09-13 6:24,2,,41;2;2019-05-06 04:46;3;nam tristique tortor;volutpat eleifend donec ut dolor morbi vel lectus in quam fringilla rhoncus mauris enim leo rhoncus sed vestibulum sit amet cursus;4439.04;/photos-annonce/img7.png;2020-09-13 06:24;2
42,3,2019-01-13 4:48,5,convallis nunc proin at,rutrum rutrum neque aenean auctor gravida sem praesent id massa id nisl venenatis lacinia aenean sit amet justo morbi ut odio cras mi pede malesuada in imperdiet et commodo,3259.42,/photos-annonce/img1.png,2020-02-03 20:50,1,,42;3;2019-01-13 04:48;5;convallis nunc proin at;rutrum rutrum neque aenean auctor gravida sem praesent id massa id nisl venenatis lacinia aenean sit amet justo morbi ut odio cras mi pede malesuada in imperdiet et commodo;3259.42;/photos-annonce/img1.png;2020-02-03 20:50;1
43,3,2019-10-13 23:49,6,convallis tortor risus dapibus,in consequat ut nulla sed accumsan felis ut at dolor quis odio consequat varius integer ac leo pellentesque ultrices mattis odio donec vitae,2256.93,/photos-annonce/img2.png,2020-12-01 5:45,2,,43;3;2019-10-13 23:49;6;convallis tortor risus dapibus;in consequat ut nulla sed accumsan felis ut at dolor quis odio consequat varius integer ac leo pellentesque ultrices mattis odio donec vitae;2256.93;/photos-annonce/img2.png;2020-12-01 05:45;2
44,3,2020-05-18 10:22,4,sapien in sapien iaculis congue,donec vitae nisi nam ultrices libero non mattis pulvinar nulla pede ullamcorper augue a suscipit nulla elit ac nulla sed vel enim,1183.83,/photos-annonce/img3.png,2020-10-12 12:07,2,,44;3;2020-05-18 10:22;4;sapien in sapien iaculis congue;donec vitae nisi nam ultrices libero non mattis pulvinar nulla pede ullamcorper augue a suscipit nulla elit ac nulla sed vel enim;1183.83;/photos-annonce/img3.png;2020-10-12 12:07;2
45,3,2019-01-30 21:37,6,orci mauris lacinia sapien,tortor risus dapibus augue vel accumsan tellus nisi eu orci mauris lacinia sapien quis libero nullam sit amet turpis elementum,4554.05,/photos-annonce/img4.png,2020-08-20 0:49,1,,45;3;2019-01-30 21:37;6;orci mauris lacinia sapien;tortor risus dapibus augue vel accumsan tellus nisi eu orci mauris lacinia sapien quis libero nullam sit amet turpis elementum;4554.05;/photos-annonce/img4.png;2020-08-20 00:49;1
46,1,2019-09-29 18:44,4,purus sit amet nulla,venenatis lacinia aenean sit amet justo morbi ut odio cras mi pede malesuada in imperdiet et commodo vulputate justo in blandit ultrices enim lorem ipsum dolor sit,3048.82,/photos-annonce/img1.png,2020-02-19 23:52,2,,46;1;2019-09-29 18:44;4;purus sit amet nulla;venenatis lacinia aenean sit amet justo morbi ut odio cras mi pede malesuada in imperdiet et commodo vulputate justo in blandit ultrices enim lorem ipsum dolor sit;3048.82;/photos-annonce/img1.png;2020-02-19 23:52;2
47,3,2020-10-13 22:32,3,integer tincidunt ante vel ipsum,ligula nec sem duis aliquam convallis nunc proin at turpis a pede posuere nonummy integer non velit donec diam neque vestibulum eget vulputate ut ultrices vel augue,1174.8,/photos-annonce/img2.png,2021-01-29 19:57,1,,47;3;2020-10-13 22:32;3;integer tincidunt ante vel ipsum;ligula nec sem duis aliquam convallis nunc proin at turpis a pede posuere nonummy integer non velit donec diam neque vestibulum eget vulputate ut ultrices vel augue;1174.8;/photos-annonce/img2.png;2021-01-29 19:57;1
48,1,2020-08-28 3:31,4,pretium quis lectus suspendisse potenti,in faucibus orci luctus et ultrices posuere cubilia curae duis faucibus accumsan odio curabitur convallis duis consequat dui nec nisi volutpat,1619.84,/photos-annonce/img3.png,2020-09-15 8:46,3,,48;1;2020-08-28 03:31;4;pretium quis lectus suspendisse potenti;in faucibus orci luctus et ultrices posuere cubilia curae duis faucibus accumsan odio curabitur convallis duis consequat dui nec nisi volutpat;1619.84;/photos-annonce/img3.png;2020-09-15 08:46;3
49,1,2019-05-27 23:11,1,nulla nunc purus,et magnis dis parturient montes nascetur ridiculus mus vivamus vestibulum sagittis sapien cum sociis natoque penatibus et magnis dis parturient montes nascetur ridiculus mus etiam,2716.47,/photos-annonce/img4.png,2020-05-17 18:06,2,,49;1;2019-05-27 23:11;1;nulla nunc purus;et magnis dis parturient montes nascetur ridiculus mus vivamus vestibulum sagittis sapien cum sociis natoque penatibus et magnis dis parturient montes nascetur ridiculus mus etiam;2716.47;/photos-annonce/img4.png;2020-05-17 18:06;2
50,1,2020-03-25 19:03,4,erat fermentum justo nec condimentum,molestie sed justo pellentesque viverra pede ac diam cras pellentesque volutpat dui maecenas tristique est et tempus semper est quam pharetra magna ac,260.72,/photos-annonce/img4.png,2020-09-12 15:48,1,,50;1;2020-03-25 19:03;4;erat fermentum justo nec condimentum;molestie sed justo pellentesque viverra pede ac diam cras pellentesque volutpat dui maecenas tristique est et tempus semper est quam pharetra magna ac;260.72;/photos-annonce/img4.png;2020-09-12 15:48;1
51,2,2020-02-02 17:03,6,odio condimentum id,platea dictumst etiam faucibus cursus urna ut tellus nulla ut erat id mauris vulputate elementum nullam varius nulla facilisi cras non velit nec,1652.29,/photos-annonce/img6.png,2020-08-25 11:43,3,,51;2;2020-02-02 17:03;6;odio condimentum id;platea dictumst etiam faucibus cursus urna ut tellus nulla ut erat id mauris vulputate elementum nullam varius nulla facilisi cras non velit nec;1652.29;/photos-annonce/img6.png;2020-08-25 11:43;3
52,3,2019-10-15 21:51,1,justo sit amet sapien,pede posuere nonummy integer non velit donec diam neque vestibulum eget vulputate ut ultrices vel augue vestibulum ante ipsum primis in faucibus,1600.59,/photos-annonce/img7.png,2021-02-01 1:34,3,,52;3;2019-10-15 21:51;1;justo sit amet sapien;pede posuere nonummy integer non velit donec diam neque vestibulum eget vulputate ut ultrices vel augue vestibulum ante ipsum primis in faucibus;1600.59;/photos-annonce/img7.png;2021-02-01 01:34;3
53,1,2019-05-03 6:04,4,dui vel nisl,ante ipsum primis in faucibus orci luctus et ultrices posuere cubilia curae nulla dapibus dolor vel est donec odio justo,3392.55,/photos-annonce/img1.png,2020-03-15 10:33,3,,53;1;2019-05-03 06:04;4;dui vel nisl;ante ipsum primis in faucibus orci luctus et ultrices posuere cubilia curae nulla dapibus dolor vel est donec odio justo;3392.55;/photos-annonce/img1.png;2020-03-15 10:33;3
54,1,2019-02-17 2:39,6,penatibus et magnis,nulla ut erat id mauris vulputate elementum nullam varius nulla facilisi cras non velit nec nisi vulputate nonummy maecenas tincidunt lacus at velit vivamus vel nulla eget,268.47,/photos-annonce/img2.png,2021-02-02 19:34,2,,54;1;2019-02-17 02:39;6;penatibus et magnis;nulla ut erat id mauris vulputate elementum nullam varius nulla facilisi cras non velit nec nisi vulputate nonummy maecenas tincidunt lacus at velit vivamus vel nulla eget;268.47;/photos-annonce/img2.png;2021-02-02 19:34;2
55,3,2021-02-08 21:18,6,curabitur at ipsum ac,congue eget semper rutrum nulla nunc purus phasellus in felis donec semper sapien a libero nam dui proin leo odio porttitor id consequat in consequat ut nulla sed accumsan,828.69,/photos-annonce/img3.png,2021-04-21 9:27,3,,55;3;2021-02-08 21:18;6;curabitur at ipsum ac;congue eget semper rutrum nulla nunc purus phasellus in felis donec semper sapien a libero nam dui proin leo odio porttitor id consequat in consequat ut nulla sed accumsan;828.69;/photos-annonce/img3.png;2021-04-21 09:27;3
56,1,2019-10-08 0:15,1,lectus aliquam sit amet diam,at feugiat non pretium quis lectus suspendisse potenti in eleifend quam a odio in hac habitasse platea dictumst maecenas ut massa quis augue luctus,2218.6,/photos-annonce/img1.png,2021-05-12 5:09,2,,56;1;2019-10-08 00:15;1;lectus aliquam sit amet diam;at feugiat non pretium quis lectus suspendisse potenti in eleifend quam a odio in hac habitasse platea dictumst maecenas ut massa quis augue luctus;2218.6;/photos-annonce/img1.png;2021-05-12 05:09;2
57,2,2019-12-08 9:48,6,cras pellentesque volutpat,semper est quam pharetra magna ac consequat metus sapien ut nunc vestibulum ante ipsum primis in faucibus orci luctus et ultrices posuere cubilia curae mauris viverra,3586.17,/photos-annonce/img2.png,2021-05-06 16:18,3,,57;2;2019-12-08 09:48;6;cras pellentesque volutpat;semper est quam pharetra magna ac consequat metus sapien ut nunc vestibulum ante ipsum primis in faucibus orci luctus et ultrices posuere cubilia curae mauris viverra;3586.17;/photos-annonce/img2.png;2021-05-06 16:18;3
58,1,2020-01-18 3:14,5,ligula in lacus curabitur,mauris sit amet eros suspendisse accumsan tortor quis turpis sed ante vivamus tortor duis mattis egestas metus aenean fermentum donec ut mauris eget massa,3605.34,/photos-annonce/img3.png,2021-01-02 16:46,3,,58;1;2020-01-18 03:14;5;ligula in lacus curabitur;mauris sit amet eros suspendisse accumsan tortor quis turpis sed ante vivamus tortor duis mattis egestas metus aenean fermentum donec ut mauris eget massa;3605.34;/photos-annonce/img3.png;2021-01-02 16:46;3
59,1,2019-11-18 8:34,5,faucibus orci luctus,ut tellus nulla ut erat id mauris vulputate elementum nullam varius nulla facilisi cras non velit nec nisi vulputate nonummy,334.68,/photos-annonce/img1.png,2020-05-20 19:21,3,,59;1;2019-11-18 08:34;5;faucibus orci luctus;ut tellus nulla ut erat id mauris vulputate elementum nullam varius nulla facilisi cras non velit nec nisi vulputate nonummy;334.68;/photos-annonce/img1.png;2020-05-20 19:21;3
60,3,2021-01-05 5:15,5,nunc commodo placerat praesent,sapien non mi integer ac neque duis bibendum morbi non quam nec dui luctus rutrum nulla tellus in sagittis dui vel nisl,1388.54,/photos-annonce/img2.png,2020-02-15 7:44,1,,60;3;2021-01-05 05:15;5;nunc commodo placerat praesent;sapien non mi integer ac neque duis bibendum morbi non quam nec dui luctus rutrum nulla tellus in sagittis dui vel nisl;1388.54;/photos-annonce/img2.png;2020-02-15 07:44;1
61,3,2019-09-15 6:47,2,quam pharetra magna,sed augue aliquam erat volutpat in congue etiam justo etiam pretium iaculis justo in hac habitasse platea dictumst etiam faucibus cursus urna ut tellus nulla ut erat,303.35,/photos-annonce/img3.png,2020-07-13 17:03,2,,61;3;2019-09-15 06:47;2;quam pharetra magna;sed augue aliquam erat volutpat in congue etiam justo etiam pretium iaculis justo in hac habitasse platea dictumst etiam faucibus cursus urna ut tellus nulla ut erat;303.35;/photos-annonce/img3.png;2020-07-13 17:03;2
62,1,2019-04-08 6:15,6,ac leo pellentesque ultrices,ante ipsum primis in faucibus orci luctus et ultrices posuere cubilia curae nulla dapibus dolor vel est donec odio justo sollicitudin ut,4462.38,/photos-annonce/img1.png,2020-11-06 7:56,3,,62;1;2019-04-08 06:15;6;ac leo pellentesque ultrices;ante ipsum primis in faucibus orci luctus et ultrices posuere cubilia curae nulla dapibus dolor vel est donec odio justo sollicitudin ut;4462.38;/photos-annonce/img1.png;2020-11-06 07:56;3
63,1,2019-10-07 11:44,5,ut massa volutpat convallis,magna vestibulum aliquet ultrices erat tortor sollicitudin mi sit amet lobortis sapien sapien non mi integer ac neque duis bibendum morbi non quam nec dui luctus rutrum nulla tellus in,3622.87,/photos-annonce/img2.png,2020-10-28 17:45,1,,63;1;2019-10-07 11:44;5;ut massa volutpat convallis;magna vestibulum aliquet ultrices erat tortor sollicitudin mi sit amet lobortis sapien sapien non mi integer ac neque duis bibendum morbi non quam nec dui luctus rutrum nulla tellus in;3622.87;/photos-annonce/img2.png;2020-10-28 17:45;1
64,2,2019-01-31 1:17,4,interdum in ante,curae donec pharetra magna vestibulum aliquet ultrices erat tortor sollicitudin mi sit amet lobortis sapien sapien non mi integer ac neque duis bibendum morbi,1772.5,/photos-annonce/img3.png,2020-02-20 23:17,2,,64;2;2019-01-31 01:17;4;interdum in ante;curae donec pharetra magna vestibulum aliquet ultrices erat tortor sollicitudin mi sit amet lobortis sapien sapien non mi integer ac neque duis bibendum morbi;1772.5;/photos-annonce/img3.png;2020-02-20 23:17;2
65,2,2020-12-13 5:55,3,cras in purus eu magna,turpis eget elit sodales scelerisque mauris sit amet eros suspendisse accumsan tortor quis turpis sed ante vivamus tortor duis mattis egestas metus aenean fermentum,661.68,/photos-annonce/img1.png,2020-09-21 6:24,2,,65;2;2020-12-13 05:55;3;cras in purus eu magna;turpis eget elit sodales scelerisque mauris sit amet eros suspendisse accumsan tortor quis turpis sed ante vivamus tortor duis mattis egestas metus aenean fermentum;661.68;/photos-annonce/img1.png;2020-09-21 06:24;2
66,1,2020-04-07 5:14,4,parturient montes nascetur ridiculus,odio donec vitae nisi nam ultrices libero non mattis pulvinar nulla pede ullamcorper augue a suscipit nulla elit ac nulla sed vel enim sit amet nunc viverra dapibus,4829.37,/photos-annonce/img2.png,2021-01-27 5:03,2,,66;1;2020-04-07 05:14;4;parturient montes nascetur ridiculus;odio donec vitae nisi nam ultrices libero non mattis pulvinar nulla pede ullamcorper augue a suscipit nulla elit ac nulla sed vel enim sit amet nunc viverra dapibus;4829.37;/photos-annonce/img2.png;2021-01-27 05:03;2
